Vd_V,Id_A_per_um,device
0.0,0.0,LVT (Vth 0.4 V)
0.05,1.1025e-05,LVT (Vth 0.4 V)
0.1,2.17e-05,LVT (Vth 0.4 V)
0.15000000000000002,3.2025000000000006e-05,LVT (Vth 0.4 V)
0.2,4.2e-05,LVT (Vth 0.4 V)
0.25,5.1625e-05,LVT (Vth 0.4 V)
0.30000000000000004,6.090000000000001e-05,LVT (Vth 0.4 V)
0.35000000000000003,6.9825e-05,LVT (Vth 0.4 V)
0.4,7.840000000000001e-05,LVT (Vth 0.4 V)
0.45,8.662499999999999e-05,LVT (Vth 0.4 V)
0.5,9.449999999999999e-05,LVT (Vth 0.4 V)
0.55,0.00010202500000000001,LVT (Vth 0.4 V)
0.6000000000000001,0.0001092,LVT (Vth 0.4 V)
0.65,0.000116025,LVT (Vth 0.4 V)
0.7000000000000001,0.0001225,LVT (Vth 0.4 V)
0.75,0.000128625,LVT (Vth 0.4 V)
0.8,0.00013440000000000001,LVT (Vth 0.4 V)
0.8500000000000001,0.000139825,LVT (Vth 0.4 V)
0.9,0.00014490000000000003,LVT (Vth 0.4 V)
0.9500000000000001,0.000149625,LVT (Vth 0.4 V)
1.0,0.000154,LVT (Vth 0.4 V)
1.05,0.000158025,LVT (Vth 0.4 V)
1.1,0.0001617,LVT (Vth 0.4 V)
1.1500000000000001,0.00016502499999999999,LVT (Vth 0.4 V)
1.2000000000000002,0.00016800000000000002,LVT (Vth 0.4 V)
1.25,0.00017062500000000001,LVT (Vth 0.4 V)
1.3,0.00017290000000000003,LVT (Vth 0.4 V)
1.35,0.000174825,LVT (Vth 0.4 V)
1.4000000000000001,0.0001764,LVT (Vth 0.4 V)
1.4500000000000002,0.00017762500000000002,LVT (Vth 0.4 V)
1.5,0.0001785,LVT (Vth 0.4 V)
1.55,0.000179025,LVT (Vth 0.4 V)
1.6,0.00017920000000000002,LVT (Vth 0.4 V)
1.6500000000000001,0.00017920000000000002,LVT (Vth 0.4 V)
1.7000000000000002,0.00017920000000000002,LVT (Vth 0.4 V)
1.75,0.00017920000000000002,LVT (Vth 0.4 V)
1.8,0.00017920000000000002,LVT (Vth 0.4 V)
1.85,0.00017920000000000002,LVT (Vth 0.4 V)
1.9000000000000001,0.00017920000000000002,LVT (Vth 0.4 V)
1.9500000000000002,0.00017920000000000002,LVT (Vth 0.4 V)
2.0,0.00017920000000000002,LVT (Vth 0.4 V)
0.0,0.0,RVT (Vth 0.6 V)
0.05,9.625e-06,RVT (Vth 0.6 V)
0.1,1.89e-05,RVT (Vth 0.6 V)
0.15000000000000002,2.7825000000000002e-05,RVT (Vth 0.6 V)
0.2,3.639999999999999e-05,RVT (Vth 0.6 V)
0.25,4.4624999999999994e-05,RVT (Vth 0.6 V)
0.30000000000000004,5.25e-05,RVT (Vth 0.6 V)
0.35000000000000003,6.0024999999999995e-05,RVT (Vth 0.6 V)
0.4,6.72e-05,RVT (Vth 0.6 V)
0.45,7.402499999999998e-05,RVT (Vth 0.6 V)
0.5,8.049999999999999e-05,RVT (Vth 0.6 V)
0.55,8.662499999999999e-05,RVT (Vth 0.6 V)
0.6000000000000001,9.24e-05,RVT (Vth 0.6 V)
0.65,9.782499999999998e-05,RVT (Vth 0.6 V)
0.7000000000000001,0.0001029,RVT (Vth 0.6 V)
0.75,0.00010762499999999997,RVT (Vth 0.6 V)
0.8,0.00011199999999999997,RVT (Vth 0.6 V)
0.8500000000000001,0.00011602499999999997,RVT (Vth 0.6 V)
0.9,0.00011969999999999998,RVT (Vth 0.6 V)
0.9500000000000001,0.000123025,RVT (Vth 0.6 V)
1.0,0.00012599999999999997,RVT (Vth 0.6 V)
1.05,0.00012862499999999997,RVT (Vth 0.6 V)
1.1,0.00013089999999999998,RVT (Vth 0.6 V)
1.1500000000000001,0.00013282499999999996,RVT (Vth 0.6 V)
1.2000000000000002,0.0001344,RVT (Vth 0.6 V)
1.25,0.00013562499999999998,RVT (Vth 0.6 V)
1.3,0.00013649999999999998,RVT (Vth 0.6 V)
1.35,0.00013702499999999998,RVT (Vth 0.6 V)
1.4000000000000001,0.00013719999999999997,RVT (Vth 0.6 V)
1.4500000000000002,0.00013719999999999997,RVT (Vth 0.6 V)
1.5,0.00013719999999999997,RVT (Vth 0.6 V)
1.55,0.00013719999999999997,RVT (Vth 0.6 V)
1.6,0.00013719999999999997,RVT (Vth 0.6 V)
1.6500000000000001,0.00013719999999999997,RVT (Vth 0.6 V)
1.7000000000000002,0.00013719999999999997,RVT (Vth 0.6 V)
1.75,0.00013719999999999997,RVT (Vth 0.6 V)
1.8,0.00013719999999999997,RVT (Vth 0.6 V)
1.85,0.00013719999999999997,RVT (Vth 0.6 V)
1.9000000000000001,0.00013719999999999997,RVT (Vth 0.6 V)
1.9500000000000002,0.00013719999999999997,RVT (Vth 0.6 V)
2.0,0.00013719999999999997,RVT (Vth 0.6 V)
0.0,0.0,HVT (Vth 0.8 V)
0.05,8.225e-06,HVT (Vth 0.8 V)
0.1,1.61e-05,HVT (Vth 0.8 V)
0.15000000000000002,2.3625e-05,HVT (Vth 0.8 V)
0.2,3.0799999999999996e-05,HVT (Vth 0.8 V)
0.25,3.762499999999999e-05,HVT (Vth 0.8 V)
0.30000000000000004,4.4099999999999995e-05,HVT (Vth 0.8 V)
0.35000000000000003,5.0224999999999994e-05,HVT (Vth 0.8 V)
0.4,5.6e-05,HVT (Vth 0.8 V)
0.45,6.142499999999999e-05,HVT (Vth 0.8 V)
0.5,6.649999999999999e-05,HVT (Vth 0.8 V)
0.55,7.1225e-05,HVT (Vth 0.8 V)
0.6000000000000001,7.56e-05,HVT (Vth 0.8 V)
0.65,7.9625e-05,HVT (Vth 0.8 V)
0.7000000000000001,8.329999999999998e-05,HVT (Vth 0.8 V)
0.75,8.662499999999999e-05,HVT (Vth 0.8 V)
0.8,8.96e-05,HVT (Vth 0.8 V)
0.8500000000000001,9.222499999999999e-05,HVT (Vth 0.8 V)
0.9,9.449999999999999e-05,HVT (Vth 0.8 V)
0.9500000000000001,9.642499999999999e-05,HVT (Vth 0.8 V)
1.0,9.799999999999998e-05,HVT (Vth 0.8 V)
1.05,9.922499999999999e-05,HVT (Vth 0.8 V)
1.1,0.00010009999999999998,HVT (Vth 0.8 V)
1.1500000000000001,0.00010062499999999998,HVT (Vth 0.8 V)
1.2000000000000002,0.0001008,HVT (Vth 0.8 V)
1.25,0.0001008,HVT (Vth 0.8 V)
1.3,0.0001008,HVT (Vth 0.8 V)
1.35,0.0001008,HVT (Vth 0.8 V)
1.4000000000000001,0.0001008,HVT (Vth 0.8 V)
1.4500000000000002,0.0001008,HVT (Vth 0.8 V)
1.5,0.0001008,HVT (Vth 0.8 V)
1.55,0.0001008,HVT (Vth 0.8 V)
1.6,0.0001008,HVT (Vth 0.8 V)
1.6500000000000001,0.0001008,HVT (Vth 0.8 V)
1.7000000000000002,0.0001008,HVT (Vth 0.8 V)
1.75,0.0001008,HVT (Vth 0.8 V)
1.8,0.0001008,HVT (Vth 0.8 V)
1.85,0.0001008,HVT (Vth 0.8 V)
1.9000000000000001,0.0001008,HVT (Vth 0.8 V)
1.9500000000000002,0.0001008,HVT (Vth 0.8 V)
2.0,0.0001008,HVT (Vth 0.8 V)
