Vg_V,Id_A_per_um,device,Vd_V,Cgg_F_per_um
0.0,5.908105745619699e-15,tox 5 nm,,
0.1,1.884921792561165e-13,tox 5 nm,,
0.2,6.334613425558574e-12,tox 5 nm,,
0.3,2.2008751602622408e-10,tox 5 nm,,
0.4,7.660635291108193e-09,tox 5 nm,,
0.5,1.9427113439358817e-07,tox 5 nm,,
0.6,1.5341855467792842e-06,tox 5 nm,,
0.7,5.001185962994742e-06,tox 5 nm,,
0.8,1.089089292246617e-05,tox 5 nm,,
0.9,1.9267187824523665e-05,tox 5 nm,,
1.0,3.0123200282909797e-05,tox 5 nm,,
1.1,4.342092775190993e-05,tox 5 nm,,
1.2,5.9101078538219204e-05,tox 5 nm,,
1.3,7.70773996067091e-05,tox 5 nm,,
1.4,9.720546976553875e-05,tox 5 nm,,
1.5,0.00011920667622442643,tox 5 nm,,
1.6,0.00014263011344319013,tox 5 nm,,
1.7,0.00016698139988173473,tox 5 nm,,
1.8,0.0001918721145462313,tox 5 nm,,
1.9,0.00021705024384826853,tox 5 nm,,
2.0,0.00024236355223955486,tox 5 nm,,
2.1,0.000267720332884477,tox 5 nm,,
2.2,0.00029306403161381107,tox 5 nm,,
2.3,0.0003183587758280847,tox 5 nm,,
2.4,0.0003435812474626787,tox 5 nm,,
2.5,0.0003687160179259048,tox 5 nm,,
2.6,0.0003937527802690284,tox 5 nm,,
2.7,0.0004186846491707735,tox 5 nm,,
2.8,0.0004435070821068606,tox 5 nm,,
2.9,0.000468217174186683,tox 5 nm,,
3.0,0.0004928131849460126,tox 5 nm,,
3.1,0.0005172942133561859,tox 5 nm,,
3.2,0.0005416599700268886,tox 5 nm,,
3.3,0.0005659106146605853,tox 5 nm,,
3.4,0.0005900466382326543,tox 5 nm,,
3.5,0.0006140687764121036,tox 5 nm,,
3.6,0.0006379779451741474,tox 5 nm,,
3.7,0.0006617751924135614,tox 5 nm,,
3.8,0.0006854616612632123,tox 5 nm,,
3.9,0.0007090385620643885,tox 5 nm,,
4.0,0.0007325071508227417,tox 5 nm,,
4.1,0.0007558687125642083,tox 5 nm,,
4.2,0.0007791245484286196,tox 5 nm,,
4.3,0.0008022759656441189,tox 5 nm,,
4.4,0.0008253242697295861,tox 5 nm,,
4.5,0.0008482707584414279,tox 5 nm,,
4.6,0.0008711167170878197,tox 5 nm,,
4.7,0.0008938634149237123,tox 5 nm,,
4.8,0.0009165121024043004,tox 5 nm,,
4.9,0.0009390640091194586,tox 5 nm,,
5.0,0.0009615203422802483,tox 5 nm,,
,-2.434990438924267e-17,tox 5 nm,0.0,
,1.0223911448967675e-05,tox 5 nm,0.1,
,1.787256028375155e-05,tox 5 nm,0.2,
,2.31034577324375e-05,tox 5 nm,0.3,
,2.622103773893618e-05,tox 5 nm,0.4,
,2.778846676088188e-05,tox 5 nm,0.5,
,2.855928221573506e-05,tox 5 nm,0.6,
,2.9052097955728614e-05,tox 5 nm,0.7,
,2.944836366250783e-05,tox 5 nm,0.8,
,2.979968483385038e-05,tox 5 nm,0.9,
,3.0123200282909797e-05,tox 5 nm,1.0,
,3.042628897457009e-05,tox 5 nm,1.1,
,3.071305398109023e-05,tox 5 nm,1.2,
,3.098619912565052e-05,tox 5 nm,1.3,
,3.1247682932014706e-05,tox 5 nm,1.4,
,3.149900250989176e-05,tox 5 nm,1.5,
,3.174134257586397e-05,tox 5 nm,1.6,
,3.1975664320525556e-05,tox 5 nm,1.7,
,3.220276258218988e-05,tox 5 nm,1.8,
,3.242330455906293e-05,tox 5 nm,1.9,
,3.263785733592789e-05,tox 5 nm,2.0,
-3.0,,tox 5 nm,,6.650702035916669e-15
-2.9,,tox 5 nm,,6.6486624268476525e-15
-2.8,,tox 5 nm,,6.644382575393316e-15
-2.7,,tox 5 nm,,6.639670886447006e-15
-2.6,,tox 5 nm,,6.634459761129019e-15
-2.5,,tox 5 nm,,6.628666903689753e-15
-2.4,,tox 5 nm,,6.622191135466638e-15
-2.3,,tox 5 nm,,6.614906699875425e-15
-2.2,,tox 5 nm,,6.606655384296067e-15
-2.1,,tox 5 nm,,6.597235415836801e-15
-2.0,,tox 5 nm,,6.586385473039328e-15
-1.9,,tox 5 nm,,6.573761094332378e-15
-1.8,,tox 5 nm,,6.558898855964015e-15
-1.7,,tox 5 nm,,6.541160088776542e-15
-1.6,,tox 5 nm,,6.519638677696461e-15
-1.5,,tox 5 nm,,6.49300188644968e-15
-1.4,,tox 5 nm,,6.459196276069356e-15
-1.3,,tox 5 nm,,6.414854287678082e-15
-1.2,,tox 5 nm,,6.353966818572209e-15
-1.1,,tox 5 nm,,6.264842243908e-15
-1.0,,tox 5 nm,,6.127482081894407e-15
-0.9,,tox 5 nm,,5.928786782522799e-15
-0.8,,tox 5 nm,,5.65446631333416e-15
-0.7,,tox 5 nm,,5.225398926765089e-15
-0.6,,tox 5 nm,,4.50976794186658e-15
-0.5,,tox 5 nm,,3.4118929536480882e-15
-0.4,,tox 5 nm,,2.1355832686890316e-15
-0.3,,tox 5 nm,,1.2118844533615728e-15
-0.2,,tox 5 nm,,8.141241166442969e-16
-0.1,,tox 5 nm,,6.759448096469159e-16
0.0,,tox 5 nm,,6.157802681506593e-16
0.1,,tox 5 nm,,5.851897555121629e-16
0.2,,tox 5 nm,,5.767823259774624e-16
0.3,,tox 5 nm,,6.25759460903741e-16
0.4,,tox 5 nm,,1.104542155763199e-15
0.5,,tox 5 nm,,2.625832835667473e-15
0.6,,tox 5 nm,,4.376934842276693e-15
0.7,,tox 5 nm,,5.336401582883435e-15
0.8,,tox 5 nm,,5.792621944586564e-15
0.9,,tox 5 nm,,6.0448674127644546e-15
1.0,,tox 5 nm,,6.1998493473531556e-15
1.1,,tox 5 nm,,6.302487916125035e-15
1.2,,tox 5 nm,,6.374455751669343e-15
1.3,,tox 5 nm,,6.427225033207034e-15
1.4,,tox 5 nm,,6.4673215532710205e-15
1.5,,tox 5 nm,,6.4986819930395755e-15
1.6,,tox 5 nm,,6.523799988029493e-15
1.7,,tox 5 nm,,6.5443212650590845e-15
1.8,,tox 5 nm,,6.561370438868676e-15
1.9,,tox 5 nm,,6.5757392744089065e-15
2.0,,tox 5 nm,,6.587999736509711e-15
2.1,,tox 5 nm,,6.59857437356726e-15
2.2,,tox 5 nm,,6.6077815484101905e-15
2.3,,tox 5 nm,,6.6158653289158274e-15
2.4,,tox 5 nm,,6.623015737014517e-15
2.5,,tox 5 nm,,6.62938277298151e-15
2.6,,tox 5 nm,,6.635086323216129e-15
2.7,,tox 5 nm,,6.640223286139735e-15
2.8,,tox 5 nm,,6.6448727809799385e-15
2.9,,tox 5 nm,,6.649100011694975e-15
3.0,,tox 5 nm,,6.6529591720615405e-15
3.1,,tox 5 nm,,6.656495656931659e-15
3.2,,tox 5 nm,,6.6597477645355635e-15
3.3,,tox 5 nm,,6.662748020731892e-15
3.4,,tox 5 nm,,6.665524219163607e-15
3.5,,tox 5 nm,,6.668100245621309e-15
3.6,,tox 5 nm,,6.670496736847398e-15
3.7,,tox 5 nm,,6.672731611137482e-15
3.8,,tox 5 nm,,6.674820498799944e-15
3.9,,tox 5 nm,,6.6767770937532055e-15
4.0,,tox 5 nm,,6.678613442546784e-15
4.1,,tox 5 nm,,6.680340183369922e-15
4.2,,tox 5 nm,,6.681966744821022e-15
4.3,,tox 5 nm,,6.683501512094391e-15
4.4,,tox 5 nm,,6.684951966625513e-15
4.5,,tox 5 nm,,6.686324803993672e-15
4.6,,tox 5 nm,,6.687626033916884e-15
4.7,,tox 5 nm,,6.688861065421919e-15
4.8,,tox 5 nm,,6.690034779684017e-15
4.9,,tox 5 nm,,6.691151592561403e-15
5.0,,tox 5 nm,,6.691696298361177e-15
0.0,1.899172671749193e-15,tox 10 nm,,
0.1,4.4831270264208376e-14,tox 10 nm,,
0.2,1.2180205702417552e-12,tox 10 nm,,
0.3,3.496186547100281e-11,tox 10 nm,,
0.4,1.0314761312909137e-09,tox 10 nm,,
0.5,2.8184492242604438e-08,tox 10 nm,,
0.6,3.7259711187229347e-07,tox 10 nm,,
0.7,1.6600538336234488e-06,tox 10 nm,,
0.8,4.164237058409736e-06,tox 10 nm,,
0.9,7.928384414223512e-06,tox 10 nm,,
1.0,1.2944244542152736e-05,tox 10 nm,,
1.1,1.918754805790535e-05,tox 10 nm,,
1.2,2.6624557022772272e-05,tox 10 nm,,
1.3,3.521012822493673e-05,tox 10 nm,,
1.4,4.4877363745625286e-05,tox 10 nm,,
1.5,5.5517867204722465e-05,tox 10 nm,,
1.6,6.696870185591093e-05,tox 10 nm,,
1.7,7.903105118862633e-05,tox 10 nm,,
1.8,9.151548598247698e-05,tox 10 nm,,
1.9,0.00010427537960456741,tox 10 nm,,
2.0,0.00011721015166825162,tox 10 nm,,
2.1,0.00013025380170026888,tox 10 nm,,
2.2,0.00014336306729223394,tox 10 nm,,
2.3,0.000156509090033986,tox 10 nm,,
2.4,0.00016967216631002548,tox 10 nm,,
2.5,0.00018283852457247254,tox 10 nm,,
2.6,0.0001959983327103087,tox 10 nm,,
2.7,0.00020914444148980845,tox 10 nm,,
2.8,0.000222271572965519,tox 10 nm,,
2.9,0.00023537578327643,tox 10 nm,,
3.0,0.00024845409856900734,tox 10 nm,,
3.1,0.0002615042627705401,tox 10 nm,,
3.2,0.0002745245592955764,tox 10 nm,,
3.3,0.00028751368264790986,tox 10 nm,,
3.4,0.00030047064442315536,tox 10 nm,,
3.5,0.00031339470342385794,tox 10 nm,,
3.6,0.00032628531298527734,tox 10 nm,,
3.7,0.0003391420807872971,tox 10 nm,,
3.8,0.0003519647378243658,tox 10 nm,,
3.9,0.0003647531142169995,tox 10 nm,,
4.0,0.00037750712016778416,tox 10 nm,,
4.1,0.00039022673084605254,tox 10 nm,,
4.2,0.000402911974295232,tox 10 nm,,
4.3,0.0004155629216901173,tox 10 nm,,
4.4,0.00042817967943981484,tox 10 nm,,
4.5,0.0004407623827476293,tox 10 nm,,
4.6,0.0004533111903288446,tox 10 nm,,
4.7,0.0004658262800627783,tox 10 nm,,
4.8,0.0004783078453955341,tox 10 nm,,
4.9,0.0004907560923493854,tox 10 nm,,
5.0,0.0005031712370366767,tox 10 nm,,
,6.64141573503596e-17,tox 10 nm,0.0,
,4.6580253398917426e-06,tox 10 nm,0.1,
,7.983371173200021e-06,tox 10 nm,0.2,
,1.0103229572039116e-05,tox 10 nm,0.3,
,1.1256458702140547e-05,tox 10 nm,0.4,
,1.1818577888577683e-05,tox 10 nm,0.5,
,1.2139888919454845e-05,tox 10 nm,0.6,
,1.2380077329710753e-05,tox 10 nm,0.7,
,1.2585212785761353e-05,tox 10 nm,0.8,
,1.2771053846695244e-05,tox 10 nm,0.9,
,1.294424454215274e-05,tox 10 nm,1.0,
,1.3107918990271334e-05,tox 10 nm,1.1,
,1.3263848468175365e-05,tox 10 nm,1.2,
,1.3413210116571076e-05,tox 10 nm,1.3,
,1.3556869389634559e-05,tox 10 nm,1.4,
,1.3695500222619762e-05,tox 10 nm,1.5,
,1.3829645852571274e-05,tox 10 nm,1.6,
,1.3959754361673335e-05,tox 10 nm,1.7,
,1.408620166684472e-05,tox 10 nm,1.8,
,1.4209307357076362e-05,tox 10 nm,1.9,
,1.4329346184993853e-05,tox 10 nm,2.0,
-3.0,,tox 10 nm,,3.3270547732300373e-15
-2.9,,tox 10 nm,,3.3258689301512254e-15
-2.8,,tox 10 nm,,3.3233742391415507e-15
-2.7,,tox 10 nm,,3.32061356297316e-15
-2.6,,tox 10 nm,,3.317542330686166e-15
-2.5,,tox 10 nm,,3.314105267909529e-15
-2.4,,tox 10 nm,,3.3102328449516022e-15
-2.3,,tox 10 nm,,3.3058361168747086e-15
-2.2,,tox 10 nm,,3.300798971493238e-15
-2.1,,tox 10 nm,,3.2949660032242322e-15
-2.0,,tox 10 nm,,3.288122606668967e-15
-1.9,,tox 10 nm,,3.2799604101218176e-15
-1.8,,tox 10 nm,,3.270013523103468e-15
-1.7,,tox 10 nm,,3.25753519751582e-15
-1.6,,tox 10 nm,,3.24126648753969e-15
-1.5,,tox 10 nm,,3.2191708442622873e-15
-1.4,,tox 10 nm,,3.1892090310652397e-15
-1.3,,tox 10 nm,,3.1526769940730122e-15
-1.2,,tox 10 nm,,3.11324909453671e-15
-1.1,,tox 10 nm,,3.068667972533576e-15
-1.0,,tox 10 nm,,3.0087628872883075e-15
-0.9,,tox 10 nm,,2.9207187234543135e-15
-0.8,,tox 10 nm,,2.7947437989802453e-15
-0.7,,tox 10 nm,,2.6149910613754142e-15
-0.6,,tox 10 nm,,2.3477987689744483e-15
-0.5,,tox 10 nm,,1.9551697530559476e-15
-0.4,,tox 10 nm,,1.4595825287299654e-15
-0.3,,tox 10 nm,,1.012618717775494e-15
-0.2,,tox 10 nm,,7.458546625240839e-16
-0.1,,tox 10 nm,,6.248244814582847e-16
0.0,,tox 10 nm,,5.675779013200827e-16
0.1,,tox 10 nm,,5.377294886795748e-16
0.2,,tox 10 nm,,5.262319490339759e-16
0.3,,tox 10 nm,,5.391962620432887e-16
0.4,,tox 10 nm,,6.461501477723298e-16
0.5,,tox 10 nm,,1.143244780177581e-15
0.6,,tox 10 nm,,1.971301030585995e-15
0.7,,tox 10 nm,,2.57860233969617e-15
0.8,,tox 10 nm,,2.8503884300428805e-15
0.9,,tox 10 nm,,2.9896263962616204e-15
1.0,,tox 10 nm,,3.0740103820909385e-15
1.1,,tox 10 nm,,3.130345342614207e-15
1.2,,tox 10 nm,,3.170331295463271e-15
1.3,,tox 10 nm,,3.199971417116556e-15
1.4,,tox 10 nm,,3.2226817944828644e-15
1.5,,tox 10 nm,,3.24054874357068e-15
1.6,,tox 10 nm,,3.25491442945082e-15
1.7,,tox 10 nm,,3.266678034054186e-15
1.8,,tox 10 nm,,3.276462196397059e-15
1.9,,tox 10 nm,,3.2847101799369815e-15
2.0,,tox 10 nm,,3.291745129974059e-15
2.1,,tox 10 nm,,3.297807537397216e-15
2.2,,tox 10 nm,,3.3030796587224884e-15
2.3,,tox 10 nm,,3.307701860089153e-15
2.4,,tox 10 nm,,3.311783812876306e-15
2.5,,tox 10 nm,,3.3154123223742965e-15
2.6,,tox 10 nm,,3.318656904102702e-15
2.7,,tox 10 nm,,3.3215738225289955e-15
2.8,,tox 10 nm,,3.3242090607383925e-15
2.9,,tox 10 nm,,3.326600534368581e-15
3.0,,tox 10 nm,,3.328779763128086e-15
3.1,,tox 10 nm,,3.3307731475462514e-15
3.2,,tox 10 nm,,3.33260295470703e-15
3.3,,tox 10 nm,,3.3342880868940226e-15
3.4,,tox 10 nm,,3.3358446865059305e-15
3.5,,tox 10 nm,,3.337286616220293e-15
3.6,,tox 10 nm,,3.338625843195219e-15
3.7,,tox 10 nm,,3.3398727487960467e-15
3.8,,tox 10 nm,,3.34103638004031e-15
3.9,,tox 10 nm,,3.3421246550753898e-15
4.0,,tox 10 nm,,3.343144532135283e-15
4.1,,tox 10 nm,,3.3441021492796655e-15
4.2,,tox 10 nm,,3.345002940605718e-15
4.3,,tox 10 nm,,3.345851733397965e-15
4.4,,tox 10 nm,,3.346652829743673e-15
4.5,,tox 10 nm,,3.3474100754183843e-15
4.6,,tox 10 nm,,3.3481269182848275e-15
4.7,,tox 10 nm,,3.3488064580111045e-15
4.8,,tox 10 nm,,3.3494514885679407e-15
4.9,,tox 10 nm,,3.3500645346925358e-15
5.0,,tox 10 nm,,3.3503633614654054e-15
0.0,2.24789081099477e-16,tox 20 nm,,
0.1,4.090461301151987e-15,tox 20 nm,,
0.2,7.471401989523416e-14,tox 20 nm,,
0.3,1.4848621368091198e-12,tox 20 nm,,
0.4,3.1230603853283755e-11,tox 20 nm,,
0.5,6.785938141304211e-10,tox 20 nm,,
0.6,1.3941073065248307e-08,tox 20 nm,,
0.7,1.6747711757127696e-07,tox 20 nm,,
0.8,7.753559708461268e-07,tox 20 nm,,
0.9,1.9980955729043805e-06,tox 20 nm,,
1.0,3.854268059186453e-06,tox 20 nm,,
1.1,6.33154124648529e-06,tox 20 nm,,
1.2,9.41073969016396e-06,tox 20 nm,,
1.3,1.3069234955619134e-05,tox 20 nm,,
1.4,1.727967594640362e-05,tox 20 nm,,
1.5,2.2006826475881787e-05,tox 20 nm,,
1.6,2.7203721323357863e-05,tox 20 nm,,
1.7,3.280812130794265e-05,tox 20 nm,,
1.8,3.874393884908122e-05,tox 20 nm,,
1.9,4.493178640935276e-05,tox 20 nm,,
2.0,5.1301862727526004e-05,tox 20 nm,,
2.1,5.780023580983347e-05,tox 20 nm,,
2.2,6.438818847812862e-05,tox 20 nm,,
2.3,7.10387272205241e-05,tox 20 nm,,
2.4,7.773307266719649e-05,tox 20 nm,,
2.5,8.445800660995425e-05,tox 20 nm,,
2.6,9.120406084350247e-05,tox 20 nm,,
2.7,9.796432242436367e-05,tox 20 nm,,
2.8,0.00010473364897196311,tox 20 nm,,
2.9,0.00011150814838927398,tox 20 nm,,
3.0,0.0001182848284812497,tox 20 nm,,
3.1,0.00012506135671169695,tox 20 nm,,
3.2,0.00013183589242165991,tox 20 nm,,
3.3,0.00013860696753092833,tox 20 nm,,
3.4,0.00014537340025901866,tox 20 nm,,
3.5,0.00015213423172122923,tox 20 nm,,
3.6,0.0001588886786484916,tox 20 nm,,
3.7,0.00016563609764104755,tox 20 nm,,
3.8,0.00017237595779992068,tox 20 nm,,
3.9,0.00017910781953240853,tox 20 nm,,
4.0,0.00018583131795500265,tox 20 nm,,
4.1,0.00019254614977369825,tox 20 nm,,
4.2,0.00019925206281170792,tox 20 nm,,
4.3,0.0002059488475864468,tox 20 nm,,
4.4,0.0002126363304718356,tox 20 nm,,
4.5,0.0002193143681177821,tox 20 nm,,
4.6,0.00022598284285321044,tox 20 nm,,
4.7,0.00023264165888879515,tox 20 nm,,
4.8,0.00023929073914503613,tox 20 nm,,
4.9,0.0002459300226063299,tox 20 nm,,
5.0,0.0002525594620860529,tox 20 nm,,
,-5.193923373037034e-17,tox 20 nm,0.0,
,1.6600983553844838e-06,tox 20 nm,0.1,
,2.6447938116959644e-06,tox 20 nm,0.2,
,3.119252279878028e-06,tox 20 nm,0.3,
,3.328670665745573e-06,tox 20 nm,0.4,
,3.4518625339574414e-06,tox 20 nm,0.5,
,3.5489596543233487e-06,tox 20 nm,0.6,
,3.6341798431085974e-06,tox 20 nm,0.7,
,3.7120338211335843e-06,tox 20 nm,0.8,
,3.7849307366248842e-06,tox 20 nm,0.9,
,3.854268059186452e-06,tox 20 nm,1.0,
,3.92082053033122e-06,tox 20 nm,1.1,
,3.985052155743453e-06,tox 20 nm,1.2,
,4.047278117164856e-06,tox 20 nm,1.3,
,4.107734469832272e-06,tox 20 nm,1.4,
,4.1666089045807946e-06,tox 20 nm,1.5,
,4.224056024072802e-06,tox 20 nm,1.6,
,4.280206017242729e-06,tox 20 nm,1.7,
,4.335170206771506e-06,tox 20 nm,1.8,
,4.389044845267716e-06,tox 20 nm,1.9,
,4.4419139554284815e-06,tox 20 nm,2.0,
-3.0,,tox 20 nm,,1.6669093255728253e-15
-2.9,,tox 20 nm,,1.6660644145954399e-15
-2.8,,tox 20 nm,,1.6642535350826043e-15
-2.7,,tox 20 nm,,1.6621672518782994e-15
-2.6,,tox 20 nm,,1.6597244082642103e-15
-2.5,,tox 20 nm,,1.6568072670876047e-15
-2.4,,tox 20 nm,,1.6532461670190198e-15
-2.3,,tox 20 nm,,1.6488162860951966e-15
-2.2,,tox 20 nm,,1.6433042840716157e-15
-2.1,,tox 20 nm,,1.6367390002167003e-15
-2.0,,tox 20 nm,,1.629638496705116e-15
-1.9,,tox 20 nm,,1.6226988004181333e-15
-1.8,,tox 20 nm,,1.6160523695192519e-15
-1.7,,tox 20 nm,,1.609128497953637e-15
-1.6,,tox 20 nm,,1.6010796184766027e-15
-1.5,,tox 20 nm,,1.5909785324448282e-15
-1.4,,tox 20 nm,,1.5778242293441189e-15
-1.3,,tox 20 nm,,1.5609554612016149e-15
-1.2,,tox 20 nm,,1.54064223285772e-15
-1.1,,tox 20 nm,,1.5168878496133914e-15
-1.0,,tox 20 nm,,1.4874637385147266e-15
-0.9,,tox 20 nm,,1.4490472490961325e-15
-0.8,,tox 20 nm,,1.398576591146241e-15
-0.7,,tox 20 nm,,1.33105793170565e-15
-0.6,,tox 20 nm,,1.2385214745501978e-15
-0.5,,tox 20 nm,,1.1120125346652956e-15
-0.4,,tox 20 nm,,9.504846675284177e-16
-0.3,,tox 20 nm,,7.786997406218754e-16
-0.2,,tox 20 nm,,6.395294432296977e-16
-0.1,,tox 20 nm,,5.518457616711432e-16
0.0,,tox 20 nm,,5.022607636753252e-16
0.1,,tox 20 nm,,4.741251950494954e-16
0.2,,tox 20 nm,,4.594655544235972e-16
0.3,,tox 20 nm,,4.558155846476342e-16
0.4,,tox 20 nm,,4.6601233136201305e-16
0.5,,tox 20 nm,,5.16359776309472e-16
0.6,,tox 20 nm,,7.080209944828783e-16
0.7,,tox 20 nm,,1.0446354231241982e-15
0.8,,tox 20 nm,,1.3193533719032405e-15
0.9,,tox 20 nm,,1.4488402662073968e-15
1.0,,tox 20 nm,,1.5123974273791997e-15
1.1,,tox 20 nm,,1.5499569938529872e-15
1.2,,tox 20 nm,,1.5749795932678002e-15
1.3,,tox 20 nm,,1.5929392538873844e-15
1.4,,tox 20 nm,,1.6064836233119782e-15
1.5,,tox 20 nm,,1.6170630280035713e-15
1.6,,tox 20 nm,,1.6255464779220613e-15
1.7,,tox 20 nm,,1.6324903696868863e-15
1.8,,tox 20 nm,,1.6382693378774246e-15
1.9,,tox 20 nm,,1.6431457160946223e-15
2.0,,tox 20 nm,,1.6473090333881486e-15
2.1,,tox 20 nm,,1.6508997553695379e-15
2.2,,tox 20 nm,,1.6540242182843467e-15
2.3,,tox 20 nm,,1.6567643829584054e-15
2.4,,tox 20 nm,,1.6591844089880822e-15
2.5,,tox 20 nm,,1.661335205323872e-15
2.6,,tox 20 nm,,1.6632576527749878e-15
2.7,,tox 20 nm,,1.6649849315370544e-15
2.8,,tox 20 nm,,1.6665442316074448e-15
2.9,,tox 20 nm,,1.6679580290561748e-15
3.0,,tox 20 nm,,1.6692450514141635e-15
3.1,,tox 20 nm,,1.6704210169077572e-15
3.2,,tox 20 nm,,1.6714992068363995e-15
3.3,,tox 20 nm,,1.6724909132614946e-15
3.4,,tox 20 nm,,1.6734057924313757e-15
3.5,,tox 20 nm,,1.6742521461848217e-15
3.6,,tox 20 nm,,1.6750371477878895e-15
3.7,,tox 20 nm,,1.67576702451292e-15
3.8,,tox 20 nm,,1.6764472062596633e-15
3.9,,tox 20 nm,,1.6770824473113806e-15
4.0,,tox 20 nm,,1.6776769266834154e-15
4.1,,tox 20 nm,,1.6782343312957666e-15
4.2,,tox 20 nm,,1.678757925277919e-15
4.3,,tox 20 nm,,1.6792506080085495e-15
4.4,,tox 20 nm,,1.6797149629527988e-15
4.5,,tox 20 nm,,1.6801532989420163e-15
4.6,,tox 20 nm,,1.6805676852142679e-15
4.7,,tox 20 nm,,1.6809599812805143e-15
4.8,,tox 20 nm,,1.6813318624788316e-15
4.9,,tox 20 nm,,1.6816848419197083e-15
5.0,,tox 20 nm,,1.6818567858347188e-15
