Vg_V,Id_A_per_um,model
0.0,1.1984953060521293e-15,TCAD (DEVSIM)
0.01,1.6509134193870945e-15,TCAD (DEVSIM)
0.02,2.3483829433950487e-15,TCAD (DEVSIM)
0.03,3.1550182994038717e-15,TCAD (DEVSIM)
0.04,4.444399422261815e-15,TCAD (DEVSIM)
0.05,6.061927584678686e-15,TCAD (DEVSIM)
0.06,8.327484920816242e-15,TCAD (DEVSIM)
0.07,1.1616006528997793e-14,TCAD (DEVSIM)
0.08,1.6192663316597455e-14,TCAD (DEVSIM)
0.09,2.2210308997934998e-14,TCAD (DEVSIM)
0.1,3.0905663952891394e-14,TCAD (DEVSIM)
0.11,4.2779102739334646e-14,TCAD (DEVSIM)
0.12,5.920756795408411e-14,TCAD (DEVSIM)
0.13,8.236111998138282e-14,TCAD (DEVSIM)
0.14,1.1414059405831024e-13,TCAD (DEVSIM)
0.15,1.58560784952006e-13,TCAD (DEVSIM)
0.16,2.2057255373958669e-13,TCAD (DEVSIM)
0.17,3.06440786228753e-13,TCAD (DEVSIM)
0.18,4.267573277017009e-13,TCAD (DEVSIM)
0.19,5.941973820814874e-13,TCAD (DEVSIM)
0.2,8.275029564699592e-13,TCAD (DEVSIM)
0.21,1.1535756872507304e-12,TCAD (DEVSIM)
0.22,1.6085487785027471e-12,TCAD (DEVSIM)
0.23,2.2441183803123944e-12,TCAD (DEVSIM)
0.24,3.13224978968479e-12,TCAD (DEVSIM)
0.25,4.373413349790677e-12,TCAD (DEVSIM)
0.26,6.109189722128357e-12,TCAD (DEVSIM)
0.27,8.536597432077642e-12,TCAD (DEVSIM)
0.28,1.1932927816493807e-11,TCAD (DEVSIM)
0.29,1.6686504090912197e-11,TCAD (DEVSIM)
0.3,2.334056986152984e-11,TCAD (DEVSIM)
0.31,3.2657606746590055e-11,TCAD (DEVSIM)
0.32,4.5706261628228104e-11,TCAD (DEVSIM)
0.33,6.398408131452366e-11,TCAD (DEVSIM)
0.34,8.958994899377567e-11,TCAD (DEVSIM)
0.35,1.2546469779621132e-10,TCAD (DEVSIM)
0.36,1.757283130907165e-10,TCAD (DEVSIM)
0.37,2.4614711831977673e-10,TCAD (DEVSIM)
0.38,3.447880637443295e-10,TCAD (DEVSIM)
0.39,4.829198492497625e-10,TCAD (DEVSIM)
0.4,6.762594764548679e-10,TCAD (DEVSIM)
0.41,9.466771277192657e-10,TCAD (DEVSIM)
0.42,1.3245066801144294e-09,TCAD (DEVSIM)
0.43,1.85163531863807e-09,TCAD (DEVSIM)
0.44,2.585559962006198e-09,TCAD (DEVSIM)
0.45,3.604565912161874e-09,TCAD (DEVSIM)
0.46,5.014089885938415e-09,TCAD (DEVSIM)
0.47,6.954098660921166e-09,TCAD (DEVSIM)
0.48,9.606888303558293e-09,TCAD (DEVSIM)
0.49,1.3204075114815198e-08,TCAD (DEVSIM)
0.5,1.8030720630146774e-08,TCAD (DEVSIM)
0.51,2.4423809862099873e-08,TCAD (DEVSIM)
0.52,3.276211604047808e-08,TCAD (DEVSIM)
0.53,4.344549432546895e-08,TCAD (DEVSIM)
0.54,5.686412157314074e-08,TCAD (DEVSIM)
0.55,7.336175477037268e-08,TCAD (DEVSIM)
0.56,9.320023705584198e-08,TCAD (DEVSIM)
0.57,1.1653351819794648e-07,TCAD (DEVSIM)
0.58,1.433973210414552e-07,TCAD (DEVSIM)
0.59,1.7371599680043846e-07,TCAD (DEVSIM)
0.6,2.073231277192731e-07,TCAD (DEVSIM)
0.61,2.439893613863554e-07,TCAD (DEVSIM)
0.62,2.8345070553914285e-07,TCAD (DEVSIM)
0.63,3.254324687262214e-07,TCAD (DEVSIM)
0.64,3.6966669060220465e-07,TCAD (DEVSIM)
0.65,4.159030669205266e-07,TCAD (DEVSIM)
0.66,4.639145670364115e-07,TCAD (DEVSIM)
0.67,5.13499291443902e-07,TCAD (DEVSIM)
0.68,5.644799634481379e-07,TCAD (DEVSIM)
0.69,6.167021222456243e-07,TCAD (DEVSIM)
0.7,6.700317320095564e-07,TCAD (DEVSIM)
0.71,7.243526483957504e-07,TCAD (DEVSIM)
0.72,7.795641840488454e-07,TCAD (DEVSIM)
0.73,8.355788989843296e-07,TCAD (DEVSIM)
0.74,8.923206538200448e-07,TCAD (DEVSIM)
0.75,9.497229304502353e-07,TCAD (DEVSIM)
0.76,1.0077274037969548e-06,TCAD (DEVSIM)
0.77,1.0662827329733083e-06,TCAD (DEVSIM)
0.78,1.1253435431069073e-06,TCAD (DEVSIM)
0.79,1.1848695717013587e-06,TCAD (DEVSIM)
0.8,1.2448249493684368e-06,TCAD (DEVSIM)
0.81,1.3051775960742976e-06,TCAD (DEVSIM)
0.82,1.365898712652351e-06,TCAD (DEVSIM)
0.83,1.4269623507079195e-06,TCAD (DEVSIM)
0.84,1.4883450483025972e-06,TCAD (DEVSIM)
0.85,1.5500255210131274e-06,TCAD (DEVSIM)
0.86,1.6119843978373073e-06,TCAD (DEVSIM)
0.87,1.6742039966251767e-06,TCAD (DEVSIM)
0.88,1.7366681297695995e-06,TCAD (DEVSIM)
0.89,1.7993619370045596e-06,TCAD (DEVSIM)
0.9,1.862271741692453e-06,TCAD (DEVSIM)
0.91,1.9253849269792548e-06,TCAD (DEVSIM)
0.92,1.988689824594036e-06,TCAD (DEVSIM)
0.93,2.0521756211924175e-06,TCAD (DEVSIM)
0.94,2.1158322752886638e-06,TCAD (DEVSIM)
0.95,2.179650443419536e-06,TCAD (DEVSIM)
0.96,2.24362141556739e-06,TCAD (DEVSIM)
0.97,2.3077370578798856e-06,TCAD (DEVSIM)
0.98,2.371989762194205e-06,TCAD (DEVSIM)
0.99,2.4363724016552734e-06,TCAD (DEVSIM)
1.0,2.5008782889677856e-06,TCAD (DEVSIM)
1.01,2.565501141740995e-06,TCAD (DEVSIM)
1.02,2.630235048831399e-06,TCAD (DEVSIM)
1.03,2.695074442394899e-06,TCAD (DEVSIM)
1.04,2.7600140715793394e-06,TCAD (DEVSIM)
1.05,2.8250489778845054e-06,TCAD (DEVSIM)
1.06,2.890174474822556e-06,TCAD (DEVSIM)
1.07,2.955386127951129e-06,TCAD (DEVSIM)
1.08,3.0206797371458517e-06,TCAD (DEVSIM)
1.09,3.0860513201637264e-06,TCAD (DEVSIM)
1.1,3.1514970994157115e-06,TCAD (DEVSIM)
1.11,3.2170134858489633e-06,TCAD (DEVSIM)
1.12,3.2825970691873764e-06,TCAD (DEVSIM)
1.13,3.348244604166773e-06,TCAD (DEVSIM)
1.14,3.413953002717136e-06,TCAD (DEVSIM)
1.15,3.479719322301313e-06,TCAD (DEVSIM)
1.16,3.545540757303106e-06,TCAD (DEVSIM)
1.17,3.6114146324566096e-06,TCAD (DEVSIM)
1.18,3.6773383921660742e-06,TCAD (DEVSIM)
1.19,3.7433095975073073e-06,TCAD (DEVSIM)
1.2,3.80932591519714e-06,TCAD (DEVSIM)
1.21,3.875385116042957e-06,TCAD (DEVSIM)
1.22,3.941485065354876e-06,TCAD (DEVSIM)
1.23,4.007623720379516e-06,TCAD (DEVSIM)
1.24,4.073799124226417e-06,TCAD (DEVSIM)
1.25,4.140009401308719e-06,TCAD (DEVSIM)
1.26,4.2062527535674374e-06,TCAD (DEVSIM)
1.27,4.272527455823954e-06,TCAD (DEVSIM)
1.28,4.338831852994854e-06,TCAD (DEVSIM)
1.29,4.40516435531231e-06,TCAD (DEVSIM)
1.3,4.4715234359816035e-06,TCAD (DEVSIM)
1.31,4.537907627693457e-06,TCAD (DEVSIM)
1.32,4.604315520297663e-06,TCAD (DEVSIM)
1.33,4.670745757029751e-06,TCAD (DEVSIM)
1.34,4.7371970330973705e-06,TCAD (DEVSIM)
1.35,4.8036680921614e-06,TCAD (DEVSIM)
1.36,4.8701577245479955e-06,TCAD (DEVSIM)
1.37,4.936664765914904e-06,TCAD (DEVSIM)
1.38,5.003188093840309e-06,TCAD (DEVSIM)
1.39,5.069726626246569e-06,TCAD (DEVSIM)
1.4,5.1362793206459835e-06,TCAD (DEVSIM)
1.41,5.2028451706727954e-06,TCAD (DEVSIM)
1.42,5.269423206594158e-06,TCAD (DEVSIM)
1.43,5.3360124914123965e-06,TCAD (DEVSIM)
1.44,5.40261212150482e-06,TCAD (DEVSIM)
1.45,5.4692212233692484e-06,TCAD (DEVSIM)
1.46,5.535838954490892e-06,TCAD (DEVSIM)
1.47,5.602464499881167e-06,TCAD (DEVSIM)
1.48,5.6690970722879286e-06,TCAD (DEVSIM)
1.49,5.735735910858775e-06,TCAD (DEVSIM)
1.5,5.802380279658515e-06,TCAD (DEVSIM)
1.51,5.86902946699878e-06,TCAD (DEVSIM)
1.52,5.935682784058815e-06,TCAD (DEVSIM)
1.53,6.002339565008506e-06,TCAD (DEVSIM)
1.54,6.068999164889406e-06,TCAD (DEVSIM)
1.55,6.135660959125763e-06,TCAD (DEVSIM)
1.56,6.202324343608569e-06,TCAD (DEVSIM)
1.57,6.268988732449964e-06,TCAD (DEVSIM)
1.58,6.335653558806398e-06,TCAD (DEVSIM)
1.59,6.402318272586624e-06,TCAD (DEVSIM)
1.6,6.468982341518039e-06,TCAD (DEVSIM)
1.61,6.535645249052026e-06,TCAD (DEVSIM)
1.62,6.60230649441433e-06,TCAD (DEVSIM)
1.63,6.668965592507448e-06,TCAD (DEVSIM)
1.64,6.735622072077325e-06,TCAD (DEVSIM)
1.65,6.8022754761072586e-06,TCAD (DEVSIM)
1.66,6.8689253619068085e-06,TCAD (DEVSIM)
1.67,6.9355712985791495e-06,TCAD (DEVSIM)
1.68,7.002212869327334e-06,TCAD (DEVSIM)
1.69,7.068849667892392e-06,TCAD (DEVSIM)
1.7,7.13548130139924e-06,TCAD (DEVSIM)
1.71,7.202107386977569e-06,TCAD (DEVSIM)
1.72,7.26872755350638e-06,TCAD (DEVSIM)
1.73,7.335341440373632e-06,TCAD (DEVSIM)
1.74,7.401948697191595e-06,TCAD (DEVSIM)
1.75,7.468548983105715e-06,TCAD (DEVSIM)
1.76,7.535141966801859e-06,TCAD (DEVSIM)
1.77,7.6017273272119955e-06,TCAD (DEVSIM)
1.78,7.668304750997585e-06,TCAD (DEVSIM)
1.79,7.7348739338327e-06,TCAD (DEVSIM)
1.8,7.801434580536715e-06,TCAD (DEVSIM)
1.81,7.867986402485277e-06,TCAD (DEVSIM)
1.82,7.934529120615577e-06,TCAD (DEVSIM)
1.83,8.001062462245364e-06,TCAD (DEVSIM)
1.84,8.06758616233777e-06,TCAD (DEVSIM)
1.85,8.13409996351156e-06,TCAD (DEVSIM)
1.86,8.200603614490064e-06,TCAD (DEVSIM)
1.87,8.267096871042897e-06,TCAD (DEVSIM)
1.88,8.333579495542775e-06,TCAD (DEVSIM)
1.89,8.400051256523615e-06,TCAD (DEVSIM)
1.9,8.466511928458425e-06,TCAD (DEVSIM)
1.91,8.532961292122134e-06,TCAD (DEVSIM)
1.92,8.599399133727734e-06,TCAD (DEVSIM)
1.93,8.665825244994527e-06,TCAD (DEVSIM)
1.94,8.732239422793876e-06,TCAD (DEVSIM)
1.95,8.798641470367509e-06,TCAD (DEVSIM)
1.96,8.865031194493153e-06,TCAD (DEVSIM)
1.97,8.93140840815133e-06,TCAD (DEVSIM)
1.98,8.997772928031544e-06,TCAD (DEVSIM)
1.99,9.064124576426393e-06,TCAD (DEVSIM)
2.0,9.130463179664825e-06,TCAD (DEVSIM)
0.0,0.0,Square-law (SimpleMosfet)
0.01,0.0,Square-law (SimpleMosfet)
0.02,0.0,Square-law (SimpleMosfet)
0.03,0.0,Square-law (SimpleMosfet)
0.04,0.0,Square-law (SimpleMosfet)
0.05,0.0,Square-law (SimpleMosfet)
0.06,0.0,Square-law (SimpleMosfet)
0.07,0.0,Square-law (SimpleMosfet)
0.08,0.0,Square-law (SimpleMosfet)
0.09,0.0,Square-law (SimpleMosfet)
0.1,0.0,Square-law (SimpleMosfet)
0.11,0.0,Square-law (SimpleMosfet)
0.12,0.0,Square-law (SimpleMosfet)
0.13,0.0,Square-law (SimpleMosfet)
0.14,0.0,Square-law (SimpleMosfet)
0.15,0.0,Square-law (SimpleMosfet)
0.16,0.0,Square-law (SimpleMosfet)
0.17,0.0,Square-law (SimpleMosfet)
0.18,0.0,Square-law (SimpleMosfet)
0.19,0.0,Square-law (SimpleMosfet)
0.2,0.0,Square-law (SimpleMosfet)
0.21,0.0,Square-law (SimpleMosfet)
0.22,0.0,Square-law (SimpleMosfet)
0.23,0.0,Square-law (SimpleMosfet)
0.24,0.0,Square-law (SimpleMosfet)
0.25,0.0,Square-law (SimpleMosfet)
0.26,0.0,Square-law (SimpleMosfet)
0.27,0.0,Square-law (SimpleMosfet)
0.28,0.0,Square-law (SimpleMosfet)
0.29,0.0,Square-law (SimpleMosfet)
0.3,0.0,Square-law (SimpleMosfet)
0.31,0.0,Square-law (SimpleMosfet)
0.32,0.0,Square-law (SimpleMosfet)
0.33,0.0,Square-law (SimpleMosfet)
0.34,0.0,Square-law (SimpleMosfet)
0.35000000000000003,0.0,Square-law (SimpleMosfet)
0.36,0.0,Square-law (SimpleMosfet)
0.37,0.0,Square-law (SimpleMosfet)
0.38,0.0,Square-law (SimpleMosfet)
0.39,0.0,Square-law (SimpleMosfet)
0.4,0.0,Square-law (SimpleMosfet)
0.41000000000000003,0.0,Square-law (SimpleMosfet)
0.42,0.0,Square-law (SimpleMosfet)
0.43,0.0,Square-law (SimpleMosfet)
0.44,0.0,Square-law (SimpleMosfet)
0.45,0.0,Square-law (SimpleMosfet)
0.46,0.0,Square-law (SimpleMosfet)
0.47000000000000003,0.0,Square-law (SimpleMosfet)
0.48,0.0,Square-law (SimpleMosfet)
0.49,0.0,Square-law (SimpleMosfet)
0.5,0.0,Square-law (SimpleMosfet)
0.51,0.0,Square-law (SimpleMosfet)
0.52,0.0,Square-law (SimpleMosfet)
0.53,0.0,Square-law (SimpleMosfet)
0.54,0.0,Square-law (SimpleMosfet)
0.55,0.0,Square-law (SimpleMosfet)
0.56,0.0,Square-law (SimpleMosfet)
0.5700000000000001,0.0,Square-law (SimpleMosfet)
0.58,0.0,Square-law (SimpleMosfet)
0.59,0.0,Square-law (SimpleMosfet)
0.6,0.0,Square-law (SimpleMosfet)
0.61,0.0,Square-law (SimpleMosfet)
0.62,0.0,Square-law (SimpleMosfet)
0.63,1.7500000000003914e-11,Square-law (SimpleMosfet)
0.64,7.717500000000095e-09,Square-law (SimpleMosfet)
0.65,2.941750000000021e-08,Square-law (SimpleMosfet)
0.66,6.511750000000034e-08,Square-law (SimpleMosfet)
0.67,1.1481750000000052e-07,Square-law (SimpleMosfet)
0.68,1.785000000000007e-07,Square-law (SimpleMosfet)
0.6900000000000001,2.485000000000007e-07,Square-law (SimpleMosfet)
0.7000000000000001,3.1850000000000085e-07,Square-law (SimpleMosfet)
0.71,3.885000000000001e-07,Square-law (SimpleMosfet)
0.72,4.585000000000002e-07,Square-law (SimpleMosfet)
0.73,5.285000000000002e-07,Square-law (SimpleMosfet)
0.74,5.985000000000003e-07,Square-law (SimpleMosfet)
0.75,6.685000000000005e-07,Square-law (SimpleMosfet)
0.76,7.385000000000004e-07,Square-law (SimpleMosfet)
0.77,8.085000000000005e-07,Square-law (SimpleMosfet)
0.78,8.785000000000006e-07,Square-law (SimpleMosfet)
0.79,9.485000000000005e-07,Square-law (SimpleMosfet)
0.8,1.0185000000000007e-06,Square-law (SimpleMosfet)
0.81,1.0885000000000007e-06,Square-law (SimpleMosfet)
0.8200000000000001,1.1585000000000009e-06,Square-law (SimpleMosfet)
0.8300000000000001,1.228500000000001e-06,Square-law (SimpleMosfet)
0.84,1.2985000000000001e-06,Square-law (SimpleMosfet)
0.85,1.3685000000000003e-06,Square-law (SimpleMosfet)
0.86,1.4385000000000003e-06,Square-law (SimpleMosfet)
0.87,1.5085000000000003e-06,Square-law (SimpleMosfet)
0.88,1.5785000000000002e-06,Square-law (SimpleMosfet)
0.89,1.6485000000000004e-06,Square-law (SimpleMosfet)
0.9,1.7185000000000006e-06,Square-law (SimpleMosfet)
0.91,1.7885000000000003e-06,Square-law (SimpleMosfet)
0.92,1.8585000000000003e-06,Square-law (SimpleMosfet)
0.93,1.9285000000000003e-06,Square-law (SimpleMosfet)
0.9400000000000001,1.998500000000001e-06,Square-law (SimpleMosfet)
0.9500000000000001,2.0685000000000006e-06,Square-law (SimpleMosfet)
0.96,2.1384999999999995e-06,Square-law (SimpleMosfet)
0.97,2.2085e-06,Square-law (SimpleMosfet)
0.98,2.2785e-06,Square-law (SimpleMosfet)
0.99,2.3485e-06,Square-law (SimpleMosfet)
1.0,2.4185000000000002e-06,Square-law (SimpleMosfet)
1.01,2.4885e-06,Square-law (SimpleMosfet)
1.02,2.5585e-06,Square-law (SimpleMosfet)
1.03,2.6285000000000003e-06,Square-law (SimpleMosfet)
1.04,2.6985000000000005e-06,Square-law (SimpleMosfet)
1.05,2.7685000000000007e-06,Square-law (SimpleMosfet)
1.06,2.8385000000000004e-06,Square-law (SimpleMosfet)
1.07,2.9085000000000006e-06,Square-law (SimpleMosfet)
1.08,2.9785000000000004e-06,Square-law (SimpleMosfet)
1.09,3.0485000000000005e-06,Square-law (SimpleMosfet)
1.1,3.1185000000000007e-06,Square-law (SimpleMosfet)
1.11,3.1885000000000005e-06,Square-law (SimpleMosfet)
1.12,3.258500000000001e-06,Square-law (SimpleMosfet)
1.1300000000000001,3.3285000000000004e-06,Square-law (SimpleMosfet)
1.1400000000000001,3.398500000000001e-06,Square-law (SimpleMosfet)
1.1500000000000001,3.468500000000001e-06,Square-law (SimpleMosfet)
1.16,3.5384999999999997e-06,Square-law (SimpleMosfet)
1.17,3.6084999999999994e-06,Square-law (SimpleMosfet)
1.18,3.6784999999999996e-06,Square-law (SimpleMosfet)
1.19,3.7484999999999998e-06,Square-law (SimpleMosfet)
1.2,3.8185e-06,Square-law (SimpleMosfet)
1.21,3.8885e-06,Square-law (SimpleMosfet)
1.22,3.9584999999999995e-06,Square-law (SimpleMosfet)
1.23,4.0285e-06,Square-law (SimpleMosfet)
1.24,4.0985e-06,Square-law (SimpleMosfet)
1.25,4.1685e-06,Square-law (SimpleMosfet)
1.26,4.2385e-06,Square-law (SimpleMosfet)
1.27,4.3085e-06,Square-law (SimpleMosfet)
1.28,4.3785000000000005e-06,Square-law (SimpleMosfet)
1.29,4.4485e-06,Square-law (SimpleMosfet)
1.3,4.5185e-06,Square-law (SimpleMosfet)
1.31,4.5885e-06,Square-law (SimpleMosfet)
1.32,4.6585e-06,Square-law (SimpleMosfet)
1.33,4.7285000000000006e-06,Square-law (SimpleMosfet)
1.34,4.798500000000001e-06,Square-law (SimpleMosfet)
1.35,4.868500000000001e-06,Square-law (SimpleMosfet)
1.36,4.9385e-06,Square-law (SimpleMosfet)
1.37,5.008500000000001e-06,Square-law (SimpleMosfet)
1.3800000000000001,5.078500000000001e-06,Square-law (SimpleMosfet)
1.3900000000000001,5.148500000000001e-06,Square-law (SimpleMosfet)
1.4000000000000001,5.218500000000001e-06,Square-law (SimpleMosfet)
1.41,5.2884999999999994e-06,Square-law (SimpleMosfet)
1.42,5.3585e-06,Square-law (SimpleMosfet)
1.43,5.4285e-06,Square-law (SimpleMosfet)
1.44,5.4985e-06,Square-law (SimpleMosfet)
1.45,5.568499999999999e-06,Square-law (SimpleMosfet)
1.46,5.6385e-06,Square-law (SimpleMosfet)
1.47,5.7085e-06,Square-law (SimpleMosfet)
1.48,5.7785e-06,Square-law (SimpleMosfet)
1.49,5.8485e-06,Square-law (SimpleMosfet)
1.5,5.9185e-06,Square-law (SimpleMosfet)
1.51,5.9885e-06,Square-law (SimpleMosfet)
1.52,6.0585e-06,Square-law (SimpleMosfet)
1.53,6.1285e-06,Square-law (SimpleMosfet)
1.54,6.1985e-06,Square-law (SimpleMosfet)
1.55,6.2685e-06,Square-law (SimpleMosfet)
1.56,6.3385e-06,Square-law (SimpleMosfet)
1.57,6.408500000000001e-06,Square-law (SimpleMosfet)
1.58,6.4785e-06,Square-law (SimpleMosfet)
1.59,6.5485e-06,Square-law (SimpleMosfet)
1.6,6.618500000000001e-06,Square-law (SimpleMosfet)
1.61,6.688500000000001e-06,Square-law (SimpleMosfet)
1.62,6.7585e-06,Square-law (SimpleMosfet)
1.6300000000000001,6.828500000000001e-06,Square-law (SimpleMosfet)
1.6400000000000001,6.898500000000001e-06,Square-law (SimpleMosfet)
1.6500000000000001,6.968500000000001e-06,Square-law (SimpleMosfet)
1.6600000000000001,7.038500000000001e-06,Square-law (SimpleMosfet)
1.67,7.108500000000001e-06,Square-law (SimpleMosfet)
1.68,7.178500000000001e-06,Square-law (SimpleMosfet)
1.69,7.2485e-06,Square-law (SimpleMosfet)
1.7,7.3185e-06,Square-law (SimpleMosfet)
1.71,7.3885000000000005e-06,Square-law (SimpleMosfet)
1.72,7.458500000000001e-06,Square-law (SimpleMosfet)
1.73,7.528500000000001e-06,Square-law (SimpleMosfet)
1.74,7.5985e-06,Square-law (SimpleMosfet)
1.75,7.668500000000001e-06,Square-law (SimpleMosfet)
1.76,7.7385e-06,Square-law (SimpleMosfet)
1.77,7.808500000000002e-06,Square-law (SimpleMosfet)
1.78,7.878500000000001e-06,Square-law (SimpleMosfet)
1.79,7.9485e-06,Square-law (SimpleMosfet)
1.8,8.018500000000001e-06,Square-law (SimpleMosfet)
1.81,8.0885e-06,Square-law (SimpleMosfet)
1.82,8.158500000000002e-06,Square-law (SimpleMosfet)
1.83,8.228500000000001e-06,Square-law (SimpleMosfet)
1.84,8.2985e-06,Square-law (SimpleMosfet)
1.85,8.368500000000001e-06,Square-law (SimpleMosfet)
1.86,8.438500000000002e-06,Square-law (SimpleMosfet)
1.87,8.508500000000002e-06,Square-law (SimpleMosfet)
1.8800000000000001,8.578500000000001e-06,Square-law (SimpleMosfet)
1.8900000000000001,8.648500000000002e-06,Square-law (SimpleMosfet)
1.9000000000000001,8.718500000000001e-06,Square-law (SimpleMosfet)
1.9100000000000001,8.788500000000002e-06,Square-law (SimpleMosfet)
1.92,8.8585e-06,Square-law (SimpleMosfet)
1.93,8.9285e-06,Square-law (SimpleMosfet)
1.94,8.9985e-06,Square-law (SimpleMosfet)
1.95,9.068500000000001e-06,Square-law (SimpleMosfet)
1.96,9.138499999999999e-06,Square-law (SimpleMosfet)
1.97,9.2085e-06,Square-law (SimpleMosfet)
1.98,9.278500000000001e-06,Square-law (SimpleMosfet)
1.99,9.3485e-06,Square-law (SimpleMosfet)
2.0,9.418500000000001e-06,Square-law (SimpleMosfet)
